{
   "BodyDefs" : [
      {
         "AttachThetaX" : 0.0104,
         "AttachThetaY" : 0.0,
         "AttachThetaZ" : 0.0,
         "AttachX" : 0.0,
         "AttachY" : -0.0014,
         "AttachZ" : 0.0058999999999999999,
         "BottomScale" : 1.0,
         "ColGroup" : 1,
         "ColorA" : 1.0,
         "ColorB" : 0.89999997615814209,
         "ColorG" : 0.89999997615814209,
         "ColorR" : 0.89999997615814209,
         "EnableFallContact" : 0,
         "ID" : 0,
         "Mass" : 1,
         "Mass_bak" : 3.46,
         "Name" : "root",
         "Param0" : 0.27000000000000002,
         "Param1" : 0.12809999999999999,
         "Param2" : 0.10000000000000001,
         "Shape" : "box",
         "TopScale" : 1.0
      },
      {
         "AttachThetaX" : -0.015800000000000002,
         "AttachThetaY" : 3.0472999999999999,
         "AttachThetaZ" : 3.1408,
         "AttachX" : 0.0001,
         "AttachY" : -0.17280000000000001,
         "AttachZ" : 0.0025999999999999999,
         "BottomScale" : 1.0,
         "ColGroup" : 1,
         "ColorA" : 1.0,
         "ColorB" : 0.89999997615814209,
         "ColorG" : 0.89999997615814209,
         "ColorR" : 0.89999997615814209,
         "EnableFallContact" : 0,
         "ID" : 1,
         "Mass" : 1,
         "Mass_bak" : 1.83,
         "Name" : "LeftLeg",
         "Param0" : 0.080000000000000002,
         "Param1" : 0.29559999999999997,
         "Param2" : 0.080000000000000002,
         "Shape" : "box",
         "TopScale" : 1.0
      },
      {
         "AttachThetaX" : -3.0594999999999999,
         "AttachThetaY" : 0.017899999999999999,
         "AttachThetaZ" : 0.00069999999999999999,
         "AttachX" : -0.0001,
         "AttachY" : -0.1633,
         "AttachZ" : -0.0134,
         "BottomScale" : 1.0,
         "ColGroup" : 1,
         "ColorA" : 1.0,
         "ColorB" : 0.89999997615814209,
         "ColorG" : 0.89999997615814209,
         "ColorR" : 0.89999997615814209,
         "EnableFallContact" : 0,
         "ID" : 2,
         "Mass_bak" : 2.1,
         "Mass" : 1,
         "Name" : "LeftFoot",
         "Param0" : 0.080000000000000002,
         "Param1" : 0.32779999999999998,
         "Param2" : 0.080000000000000002,
         "Shape" : "box",
         "TopScale" : 1.0
      },
      {
         "AttachThetaX" : -1.4462999999999999,
         "AttachThetaY" : 0.0,
         "AttachThetaZ" : 0.0,
         "AttachX" : 0.0,
         "AttachY" : -0.02,
         "AttachZ" : 0.033300000000000003,
         "BottomScale" : 1.0,
         "ColGroup" : 1,
         "ColorA" : 1.0,
         "ColorB" : 0.89999997615814209,
         "ColorG" : 0.89999997615814209,
         "ColorR" : 0.89999997615814209,
         "EnableFallContact" : 0,
         "ID" : 3,
         "Mass_bak" : 0.59999999999999998,
         "Mass" : 1,
         "Name" : "LFootTongue",
         "Param0" : 0.180000000000000002,
         "Param1" : 0.18840000000000001,
         "Param2" : 0.180000000000000001,
         "Shape" : "box",
         "TopScale" : 1.0
      }
   ],
   "DrawShapeDefs" : [
      {
         "AttachThetaX" : 0.0,
         "AttachThetaY" : 0.0,
         "AttachThetaZ" : 0.0,
         "AttachX" : 0.0,
         "AttachY" : 0.0,
         "AttachZ" : 0.0,
         "BottomScale" : 1.0,
         "ColorA" : 1.0,
         "ColorB" : 0.44999998807907104,
         "ColorG" : 0.89999997615814209,
         "ColorR" : 0.44999998807907104,
         "ID" : 0,
         "Name" : "root_joint",
         "Param0" : 0.040000000000000001,
         "Param1" : 0.040000000000000001,
         "Param2" : 0.040000000000000001,
         "ParentJoint" : 0,
         "Shape" : "sphere",
         "TopScale" : 1.0
      },
      {
         "AttachThetaX" : 0.0104,
         "AttachThetaY" : 0.0,
         "AttachThetaZ" : 0.0,
         "AttachX" : 0.0,
         "AttachY" : -0.0014,
         "AttachZ" : 0.0058999999999999999,
         "BottomScale" : 1.0,
         "ColorA" : 1.0,
         "ColorB" : 0.89999997615814209,
         "ColorG" : 0.89999997615814209,
         "ColorR" : 0.89999997615814209,
         "ID" : 0,
         "Name" : "root",
         "Param0" : 0.27000000000000002,
         "Param1" : 0.12809999999999999,
         "Param2" : 0.10000000000000001,
         "ParentJoint" : 0,
         "Shape" : "box",
         "TopScale" : 1.0
      },
      {
         "AttachThetaX" : 0.0,
         "AttachThetaY" : 0.0,
         "AttachThetaZ" : 0.0,
         "AttachX" : 0.0,
         "AttachY" : 0.0,
         "AttachZ" : 0.0,
         "BottomScale" : 1.0,
         "ColorA" : 1.0,
         "ColorB" : 0.44999998807907104,
         "ColorG" : 0.89999997615814209,
         "ColorR" : 0.44999998807907104,
         "ID" : 1,
         "Name" : "LeftLeg_joint",
         "Param0" : 0.040000000000000001,
         "Param1" : 0.040000000000000001,
         "Param2" : 0.040000000000000001,
         "ParentJoint" : 1,
         "Shape" : "sphere",
         "TopScale" : 1.0
      },
      {
         "AttachThetaX" : -0.015800000000000002,
         "AttachThetaY" : 3.0472999999999999,
         "AttachThetaZ" : 3.1408,
         "AttachX" : 0.0001,
         "AttachY" : -0.17280000000000001,
         "AttachZ" : 0.0025999999999999999,
         "BottomScale" : 1.0,
         "ColorA" : 1.0,
         "ColorB" : 0.89999997615814209,
         "ColorG" : 0.89999997615814209,
         "ColorR" : 0.89999997615814209,
         "ID" : 1,
         "Name" : "LeftLeg",
         "Param0" : 0.080000000000000002,
         "Param1" : 0.29559999999999997,
         "Param2" : 0.080000000000000002,
         "ParentJoint" : 1,
         "Shape" : "box",
         "TopScale" : 1.0
      },
      {
         "AttachThetaX" : 0.0,
         "AttachThetaY" : 0.0,
         "AttachThetaZ" : 0.0,
         "AttachX" : 0.0,
         "AttachY" : 0.0,
         "AttachZ" : 0.0,
         "BottomScale" : 1.0,
         "ColorA" : 1.0,
         "ColorB" : 0.44999998807907104,
         "ColorG" : 0.89999997615814209,
         "ColorR" : 0.44999998807907104,
         "ID" : 2,
         "Name" : "LeftFoot_joint",
         "Param0" : 0.040000000000000001,
         "Param1" : 0.040000000000000001,
         "Param2" : 0.040000000000000001,
         "ParentJoint" : 2,
         "Shape" : "sphere",
         "TopScale" : 1.0
      },
      {
         "AttachThetaX" : -3.0594999999999999,
         "AttachThetaY" : 0.017899999999999999,
         "AttachThetaZ" : 0.00069999999999999999,
         "AttachX" : -0.0001,
         "AttachY" : -0.1633,
         "AttachZ" : -0.0134,
         "BottomScale" : 1.0,
         "ColorA" : 1.0,
         "ColorB" : 0.89999997615814209,
         "ColorG" : 0.89999997615814209,
         "ColorR" : 0.89999997615814209,
         "ID" : 2,
         "Name" : "LeftFoot",
         "Param0" : 0.080000000000000002,
         "Param1" : 0.32779999999999998,
         "Param2" : 0.080000000000000002,
         "ParentJoint" : 2,
         "Shape" : "box",
         "TopScale" : 1.0
      },
      {
         "AttachThetaX" : 0.0,
         "AttachThetaY" : 0.0,
         "AttachThetaZ" : 0.0,
         "AttachX" : 0.0,
         "AttachY" : 0.0,
         "AttachZ" : 0.0,
         "BottomScale" : 1.0,
         "ColorA" : 1.0,
         "ColorB" : 0.44999998807907104,
         "ColorG" : 0.89999997615814209,
         "ColorR" : 0.44999998807907104,
         "ID" : 3,
         "Name" : "LFootTongue_joint",
         "Param0" : 0.040000000000000001,
         "Param1" : 0.040000000000000001,
         "Param2" : 0.040000000000000001,
         "ParentJoint" : 3,
         "Shape" : "sphere",
         "TopScale" : 1.0
      },
      {
         "AttachThetaX" : -1.4462999999999999,
         "AttachThetaY" : 0.0,
         "AttachThetaZ" : 0.0,
         "AttachX" : 0.0,
         "AttachY" : -0.02,
         "AttachZ" : 0.033300000000000003,
         "BottomScale" : 1.0,
         "ColorA" : 1.0,
         "ColorB" : 0.89999997615814209,
         "ColorG" : 0.89999997615814209,
         "ColorR" : 0.89999997615814209,
         "ID" : 3,