{
   "BodyDefs" : [
      {
         "AttachThetaX" : 0.0,
         "AttachThetaY" : 0.0,
         "AttachThetaZ" : 0.0,
         "AttachX" : 0.0,
         "AttachY" : 0.0,
         "AttachZ" : 0.0,
         "BottomScale" : 1.0,
         "ColGroup" : 0,
         "ColorA" : 1.0,
         "ColorB" : 0.89999997615814209,
         "ColorG" : 0.89999997615814209,
         "ColorR" : 0.89999997615814209,
         "EnableFallContact" : 0,
         "ID" : 0,
         "Mass" : 1,
         "Name" : "root",
         "Param0" : 0.02,
         "Param1" : 0.0,
         "Param2" : 0.02,
         "Shape" : "box",
         "TopScale" : 1.0
      },
      {
         "AttachThetaX" : -0.038976970684931785,
         "AttachThetaY" : 0.066605750083170601,
         "AttachThetaZ" : 2.0828884998810948,
         "AttachX" : -0.042398472858940495,
         "AttachY" : -0.023977577686309814,
         "AttachZ" : -0.0018952682876260949,
         "BottomScale" : 1.0,
         "ColGroup" : 1,
         "ColorA" : 1.0,
         "ColorB" : 0.89999997615814209,
         "ColorG" : 0.89999997615814209,
         "ColorR" : 0.89999997615814209,
         "EnableFallContact" : 0,
         "ID" : 1,
         "Mass" : 0.40000000000000001,
         "Name" : "RightUpLeg",
         "Param0" : 0.02,
         "Param1" : 0.097491471921505368,
         "Param2" : 0.02,
         "Shape" : "box",
         "TopScale" : 1.0
      },
      {
         "AttachThetaX" : 0.0,
         "AttachThetaY" : 0.0,
         "AttachThetaZ" : 0.0,
         "AttachX" : -0.0001,
         "AttachY" : -0.17280000000000001,
         "AttachZ" : 0.0025999999999999999,
         "BottomScale" : 1.0,
         "ColGroup" : 0,
         "ColorA" : 1.0,
         "ColorB" : 0.89999997615814209,
         "ColorG" : 0.89999997615814209,
         "ColorR" : 0.89999997615814209,
         "EnableFallContact" : 0,
         "ID" : 2,
         "Mass" : 1.8300000000000001,
         "Name" : "RightLeg",
         "Param0" : 0.080000000000000002,
         "Param1" : 0.28560000000000002,
         "Param2" : 0.080000000000000002,
         "Shape" : "box",
         "TopScale" : 1.0
      },
      {
         "AttachThetaX" : 0.082100000000000006,
         "AttachThetaY" : -3.1244000000000001,
         "AttachThetaZ" : 3.1408999999999998,
         "AttachX" : 0.0001,
         "AttachY" : -0.1633,
         "AttachZ" : -0.0134,
         "BottomScale" : 1.0,
         "ColGroup" : 1,
         "ColorA" : 1.0,
         "ColorB" : 0.89999997615814209,
         "ColorG" : 0.89999997615814209,
         "ColorR" : 0.89999997615814209,
         "EnableFallContact" : 0,
         "ID" : 3,
         "Mass" : 2.1000000000000001,
         "Name" : "RightFoot",
         "Param0" : 0.080000000000000002,
         "Param1" : 0.32779999999999998,
         "Param2" : 0.080000000000000002,
         "Shape" : "box",
         "TopScale" : 1.0
      },
      {
         "AttachThetaX" : 1.6699999999999999,
         "AttachThetaY" : 0.0,
         "AttachThetaZ" : 0.0,
         "AttachX" : 0.0,
         "AttachY" : -0.02,
         "AttachZ" : 0.033299999999999996,
         "BottomScale" : 1.0,
         "ColGroup" : 1,
         "ColorA" : 1.0,
         "ColorB" : 0.89999997615814209,
         "ColorG" : 0.89999997615814209,
         "ColorR" : 0.89999997615814209,
         "EnableFallContact" : 0,
         "ID" : 4,
         "Mass" : 0.59999999999999998,
         "Name" : "RFootTongue",
         "Param0" : 0.080000000000000002,
         "Param1" : 0.18840000000000001,
         "Param2" : 0.040000000000000001,
         "Shape" : "box",
         "TopScale" : 1.0
      }
   ],
   "DrawShapeDefs" : [
      {
         "AttachThetaX" : 0.0,
         "AttachThetaY" : 0.0,
         "AttachThetaZ" : 0.0,
         "AttachX" : 0.0,
         "AttachY" : 0.0,
         "AttachZ" : 0.0,
         "BottomScale" : 1.0,
         "ColorA" : 1.0,
         "ColorB" : 0.44999998807907104,
         "ColorG" : 0.89999997615814209,
         "ColorR" : 0.44999998807907104,
         "ID" : 0,
         "Name" : "root_joint",
         "Param0" : 0.040000000000000001,
         "Param1" : 0.040000000000000001,
         "Param2" : 0.040000000000000001,
         "ParentJoint" : 0,
         "Shape" : "sphere",
         "TopScale" : 1.0
      },
      {
         "AttachThetaX" : 0.0,
         "AttachThetaY" : 0.0,
         "AttachThetaZ" : 0.0,
         "AttachX" : 0.0,
         "AttachY" : 0.0,
         "AttachZ" : 0.0,
         "BottomScale" : 1.0,
         "ColorA" : 1.0,
         "ColorB" : 0.89999997615814209,
         "ColorG" : 0.89999997615814209,
         "ColorR" : 0.89999997615814209,
         "ID" : 0,
         "Name" : "root",
         "Param0" : 0.02,
         "Param1" : 0.0,
         "Param2" : 0.02,
         "ParentJoint" : 0,
         "Shape" : "box",
         "TopScale" : 1.0
      },
      {
         "AttachThetaX" : 0.0,
         "AttachThetaY" : 0.0,
         "AttachThetaZ" : 0.0,
         "AttachX" : 0.0,
         "AttachY" : 0.0,
         "AttachZ" : 0.0,
         "BottomScale" : 1.0,
         "ColorA" : 1.0,
         "ColorB" : 0.44999998807907104,
         "ColorG" : 0.89999997615814209,
         "ColorR" : 0.44999998807907104,
         "ID" : 1,
         "Name" : "RightUpLeg_joint",
         "Param0" : 0.040000000000000001,
         "Param1" : 0.040000000000000001,
         "Param2" : 0.040000000000000001,
         "ParentJoint" : 1,
         "Shape" : "sphere",
         "TopScale" : 1.0
      },
      {
         "AttachThetaX" : -0.038976970684931785,
         "AttachThetaY" : 0.066605750083170601,
         "AttachThetaZ" : 2.0828884998810948,
         "AttachX" : -0.042398472858940495,
         "AttachY" : -0.023977577686309814,
         "AttachZ" : -0.0018952682876260949,
         "BottomScale" : 1.0,
         "ColorA" : 1.0,
         "ColorB" : 0.89999997615814209,
         "ColorG" : 0.89999997615814209,
         "ColorR" : 0.89999997615814209,
         "ID" : 1,
         "Name" : "RightUpLeg",
         "Param0" : 0.02,
         "Param1" : 0.097491471921505368,
         "Param2" : 0.02,
         "ParentJoint" : 1,
         "Shape" : "box",
         "TopScale" : 1.0
      },
      {
         "AttachThetaX" : 0.0,
         "AttachThetaY" : 0.0,
         "AttachThetaZ" : 0.0,
         "AttachX" : 0.0,
         "AttachY" : 0.0,
         "AttachZ" : 0.0,
         "BottomScale" : 1.0,
         "ColorA" : 1.0,
         "ColorB" : 0.44999998807907104,
         "ColorG" : 0.89999997615814209,
         "ColorR" : 0.44999998807907104,
         "ID" : 2,
         "Name" : "RightLeg_joint",
         "Param0" : 0.040000000000000001,
         "Param1" : 0.040000000000000001,
         "Param2" : 0.040000000000000001,
         "ParentJoint" : 2,
         "Shape" : "sphere",
         "TopScale" : 1.0
      },
      {
         "AttachThetaX" : 0.0,
         "AttachThetaY" : 0.0,
         "AttachThetaZ" : 0.0,
         "AttachX" : -0.0001,
         "AttachY" : -0.17280000000000001,
         "AttachZ" : 0.0025999999999999999,
         "BottomScale" : 1.0,
         "ColorA" : 1.0,
         "ColorB" : 0.89999997615814209,
         "ColorG" : 0.89999997615814209,
         "ColorR" : 0.89999997615814209,
         "ID" : 2,
         "Name" : "RightLeg",
         "Param0" : 0.080000000000000002,
         "Param1" : 0.28560000000000002,
         "Param2" : 0.080000000000000002,
         "ParentJoint" : 2,
         "Shape" : "box",
         "TopScale" : 1.0
      },
      {
         "AttachThetaX" : 0.0,
         "AttachThetaY" : 0.0,
         "AttachThetaZ" : 0.0,
         "AttachX" : 0.0,
         "AttachY" : 0.0,
         "AttachZ" : 0.0,
         "BottomScale" : 1.0,
         "ColorA" : 1.0,
         "ColorB" : 0.44999998807907104,
         "ColorG" : 0.89999997615814209,
         "ColorR" : 0.44999998807907104,
         "ID" : 3,
         "Name" : "RightFoot_joint",
         "Param0" : 0.040000000000000001,
         "Param1" : 0.040000000000000001,
         "Param2" : 0.040000000000000001,