{
   "BodyDefs": [
      {
         "AttachThetaX": 0.0104,
         "AttachThetaY": 0.0,
         "AttachThetaZ": 0.0,
         "AttachX": 0.0,
         "AttachY": 0.0,
         "AttachZ": 0.0,
         "BottomScale": 1.0,
         "ColGroup": 1,
         "ColorA": 1.0,
         "ColorB": 0.89999997615814209,
         "ColorG": 0.89999997615814209,
         "ColorR": 0.89999997615814209,
         "EnableFallContact": 0,
         "ID": 0,
         "Mass": 10,
         "Name": "root",
         "Param0": 0.5,
         "Param1": 0.1,
         "Param2": 0.5,
         "Shape": "box",
         "TopScale": 1.0
      },
      {
         "AttachThetaX": 0.0,
         "AttachThetaY": 0,
         "AttachThetaZ": 0,
         "AttachX": 0.0,
         "AttachY": 0.1728,
         "AttachZ": 0.0,
         "BottomScale": 1.0,
         "ColGroup": 1,
         "ColorA": 1.0,
         "ColorB": 0.89999997615814209,
         "ColorG": 0.89999997615814209,
         "ColorR": 0.89999997615814209,
         "EnableFallContact": 0,
         "ID": 1,
         "Mass": 0.5,
         "Name": "LeftLeg",
         "Param0": 0.080000000000000002,
         "Param1": 0.29559999999999997,
         "Param2": 0.080000000000000002,
         "Shape": "box",
         "TopScale": 1.0
      },
      {
         "AttachThetaX": 0,
         "AttachThetaY": 0,
         "AttachThetaZ": 0,
         "AttachX": 0.0,
         "AttachY": 0.1633,
         "AttachZ": 0.0,
         "BottomScale": 1.0,
         "ColGroup": 1,
         "ColorA": 1.0,
         "ColorB": 0.89999997615814209,
         "ColorG": 0.89999997615814209,
         "ColorR": 0.89999997615814209,
         "EnableFallContact": 0,
         "ID": 2,
         "Mass": 0.5,
         "Name": "LeftFoot",
         "Param0": 0.080000000000000002,
         "Param1": 0.32779999999999998,
         "Param2": 0.080000000000000002,
         "Shape": "box",
         "TopScale": 1.0
      },
      {
         "AttachThetaX": 0,
         "AttachThetaY": 0.0,
         "AttachThetaZ": 0.0,
         "AttachX": 0.0,
         "AttachY": 0.02,
         "AttachZ": 0.0,
         "BottomScale": 1.0,
         "ColGroup": 1,
         "ColorA": 1.0,
         "ColorB": 0.89999997615814209,
         "ColorG": 0.89999997615814209,
         "ColorR": 0.89999997615814209,
         "EnableFallContact": 0,
         "ID": 3,
         "Mass": 0.5,
         "Name": "LFootTongue",
         "Param0": 0.2,
         "Param1": 0.2,
         "Param2": 0.2,
         "Shape": "sphere",
         "TopScale": 1.0
      }
   ],
   "DrawShapeDefs": [
      {
         "AttachThetaX": 0.0,
         "AttachThetaY": 0.0,
         "AttachThetaZ": 0.0,
         "AttachX": 0.0,
         "AttachY": 0.0,
         "AttachZ": 0.0,
         "BottomScale": 1.0,
         "ColorA": 1.0,
         "ColorB": 0.44999998807907104,
         "ColorG": 0.89999997615814209,
         "ColorR": 0.44999998807907104,
         "ID": 0,
         "Name": "root_joint",
         "Param0": 0.040000000000000001,
         "Param1": 0.040000000000000001,
         "Param2": 0.040000000000000001,
         "ParentJoint": 0,
         "Shape": "sphere",
         "TopScale": 1.0
      },
      {
         "AttachThetaX": 0.0104,
         "AttachThetaY": 0.0,
         "AttachThetaZ": 0.0,
         "AttachX": 0.0,
         "AttachY": 0.0,
         "AttachZ": 0.0,
         "BottomScale": 1.0,
         "ColorA": 1.0,
         "ColorB": 0.89999997615814209,
         "ColorG": 0.89999997615814209,
         "ColorR": 0.89999997615814209,
         "ID": 0,
         "Name": "root",
         "Param0": 0.5,
         "Param1": 0.1,
         "Param2": 0.5,
         "ParentJoint": 0,
         "Shape": "box",
         "TopScale": 1.0
      },
      {
         "AttachThetaX": 0.0,
         "AttachThetaY": 0.0,
         "AttachThetaZ": 0.0,
         "AttachX": 0.0,
         "AttachY": 0.0,
         "AttachZ": 0.0,
         "BottomScale": 1.0,
         "ColorA": 1.0,
         "ColorB": 0.44999998807907104,
         "ColorG": 0.89999997615814209,
         "ColorR": 0.44999998807907104,
         "ID": 1,
         "Name": "LeftLeg_joint",
         "Param0": 0.040000000000000001,
         "Param1": 0.040000000000000001,
         "Param2": 0.040000000000000001,
         "ParentJoint": 1,
         "Shape": "sphere",
         "TopScale": 1.0
      },
      {
         "AttachThetaX": 0.0,
         "AttachThetaY": 0.0,
         "AttachThetaZ": 0,
         "AttachX": 0.0,
         "AttachY": 0.1728,
         "AttachZ": 0.0,
         "BottomScale": 1.0,
         "ColorA": 1.0,
         "ColorB": 0.89999997615814209,
         "ColorG": 0.89999997615814209,
         "ColorR": 0.89999997615814209,
         "ID": 1,
         "Name": "LeftLeg",
         "Param0": 0.080000000000000002,
         "Param1": 0.29559999999999997,
         "Param2": 0.080000000000000002,
         "ParentJoint": 1,
         "Shape": "box",
         "TopScale": 1.0
      },
      {
         "AttachThetaX": 0,
         "AttachThetaY": 0.0,
         "AttachThetaZ": 0.0,
         "AttachX": 0.0,
         "AttachY": 0.0,
         "AttachZ": 0.0,
         "BottomScale": 1.0,
         "ColorA": 1.0,
         "ColorB": 0.44999998807907104,
         "ColorG": 0.89999997615814209,
         "ColorR": 0.44999998807907104,
         "ID": 2,
         "Name": "LeftFoot_joint",
         "Param0": 0.040000000000000001,
         "Param1": 0.040000000000000001,
         "Param2": 0.040000000000000001,
         "ParentJoint": 2,
         "Shape": "sphere",
         "TopScale": 1.0
      },
      {
         "AttachThetaX": 0,
         "AttachThetaY": 0,
         "AttachThetaZ": 0,
         "AttachX": 0.0,
         "AttachY": 0.1633,
         "AttachZ": 0.0,
         "BottomScale": 1.0,
         "ColorA": 1.0,
         "ColorB": 0.89999997615814209,
         "ColorG": 0.89999997615814209,
         "ColorR": 0.89999997615814209,
         "ID": 2,
         "Name": "LeftFoot",
         "Param0": 0.080000000000000002,
         "Param1": 0.32779999999999998,
         "Param2": 0.080000000000000002,
         "ParentJoint": 2,
         "Shape": "box",
         "TopScale": 1.0
      },
      {
         "AttachThetaX": 0.0,
         "AttachThetaY": 0.0,
         "AttachThetaZ": 0.0,
         "AttachX": 0.0,
         "AttachY": 0.0,
         "AttachZ": 0.0,
         "BottomScale": 1.0,
         "ColorA": 1.0,
         "ColorB": 0.44999998807907104,
         "ColorG": 0.89999997615814209,
         "ColorR": 0.44999998807907104,
         "ID": 3,
         "Name": "LFootTongue_joint",
         "Param0": 0.040000000000000001,
         "Param1": 0.040000000000000001,
         "Param2": 0.040000000000000001,
         "ParentJoint": 3,
         "Shape": "sphere",
         "TopScale": 1.0
      },
      {
         "AttachThetaX": 0,
         "AttachThetaY": 0.0,
         "AttachThetaZ": 0.0,
         "AttachX": 0.0,
         "AttachY": 0.02,
         "AttachZ": 0.0,
         "BottomScale": 1.0,
         "ColorA": 1.0,
         "ColorB": 0.89999997615814209,
         "ColorG": 0.89999997615814209,
         "ColorR": 0.89999997615814209,
         "ID": 3,
         "Name": "LFootTongue",
         "Param0": 0.2,
         "Param1": 0.2,
         "Param2": 0.2,
         "ParentJoint": 3,
         "Shape": "sphere",
         "TopScale": 1.0
      }
   ],
   "Skeleton": {
      "Joints": [
         {
            "AttachThetaX": 0.0,
            "AttachThetaY": 0.0,
            "AttachThetaZ": 0.0,
            "AttachX": 0.0,
            "AttachY": 0.0,
            "AttachZ": 0.0,
            "DiffWeight": 1.0,
            "ID": 0,
            "IsEndEffector": 0.0,
            "LimHigh0": 1.0,
            "LimHigh1": 1.0,
            "LimHigh2": 1.0,
            "LimLow0": -1.0,
            "LimLow1": -1.0,
            "LimLow2": -1.0,
            "Name": "root",
            "Parent": -1,
            "TorqueLim": 0.0,
            "Type": "none"
         },
         {
            "AttachThetaX": 0.0,
            "AttachThetaY": -0.0,