{
   "BodyDefs": [
      {
         "AttachThetaX": 0.082100000000000006,
         "AttachThetaY": -3.1244000000000001,
         "AttachThetaZ": 3.1408999999999998,
         "AttachX": 0.0001,
         "AttachY": -0.1633,
         "AttachZ": -0.0134,
         "BottomScale": 1.0,
         "ColGroup": 1,
         "ColorA": 1.0,
         "ColorB": 0.89999997615814209,
         "ColorG": 0.89999997615814209,
         "ColorR": 0.89999997615814209,
         "EnableFallContact": 0,
         "ID": 0,
         "Mass": 4,
         "Name": "root",
         "Param0": 0.080000000000000002,
         "Param1": 0.32779999999999998,
         "Param2": 0.080000000000000002,
         "Shape": "box",
         "TopScale": 1.0
      },
      {
         "AttachThetaX": 1.6699999999999999,
         "AttachThetaY": 0.0,
         "AttachThetaZ": 0.0,
         "AttachX": 0.0,
         "AttachY": -0.02,
         "AttachZ": 0.033299999999999996,
         "BottomScale": 1.0,
         "ColGroup": 1,
         "ColorA": 1.0,
         "ColorB": 0.89999997615814209,
         "ColorG": 0.89999997615814209,
         "ColorR": 0.89999997615814209,
         "EnableFallContact": 0,
         "ID": 1,
         "Mass": 1,
         "Name": "RFootTongue",
         "Param0": 0.080000000000000002,
         "Param1": 0.18840000000000001,
         "Param2": 0.040000000000000001,
         "Shape": "box",
         "TopScale": 1.0
      }
   ],
   "DrawShapeDefs": [
      {
         "AttachThetaX": 0.0,
         "AttachThetaY": 0.0,
         "AttachThetaZ": 0.0,
         "AttachX": 0.0,
         "AttachY": 0.0,
         "AttachZ": 0.0,
         "BottomScale": 1.0,
         "ColorA": 1.0,
         "ColorB": 0.44999998807907104,
         "ColorG": 0.89999997615814209,
         "ColorR": 0.44999998807907104,
         "ID": 0,
         "Name": "root_joint",
         "Param0": 0.040000000000000001,
         "Param1": 0.040000000000000001,
         "Param2": 0.040000000000000001,
         "ParentJoint": 0,
         "Shape": "sphere",
         "TopScale": 1.0
      },
      {
         "AttachThetaX": 0.082100000000000006,
         "AttachThetaY": -3.1244000000000001,
         "AttachThetaZ": 3.1408999999999998,
         "AttachX": 0.0001,
         "AttachY": -0.1633,
         "AttachZ": -0.0134,
         "BottomScale": 1.0,
         "ColorA": 1.0,
         "ColorB": 0.89999997615814209,
         "ColorG": 0.89999997615814209,
         "ColorR": 0.89999997615814209,
         "ID": 0,
         "Name": "root",
         "Param0": 0.080000000000000002,
         "Param1": 0.32779999999999998,
         "Param2": 0.080000000000000002,
         "ParentJoint": 0,
         "Shape": "box",
         "TopScale": 1.0
      },
      {
         "AttachThetaX": 0.0,
         "AttachThetaY": 0.0,
         "AttachThetaZ": 0.0,
         "AttachX": 0.0,
         "AttachY": 0.0,
         "AttachZ": 0.0,
         "BottomScale": 1.0,
         "ColorA": 1.0,
         "ColorB": 0.44999998807907104,
         "ColorG": 0.89999997615814209,
         "ColorR": 0.44999998807907104,
         "ID": 1,
         "Name": "RFootTongue_joint",
         "Param0": 0.040000000000000001,
         "Param1": 0.040000000000000001,
         "Param2": 0.040000000000000001,
         "ParentJoint": 1,
         "Shape": "sphere",
         "TopScale": 1.0
      },
      {
         "AttachThetaX": 1.6699999999999999,
         "AttachThetaY": 0.0,
         "AttachThetaZ": 0.0,
         "AttachX": 0.0,
         "AttachY": -0.02,
         "AttachZ": 0.033299999999999996,
         "BottomScale": 1.0,
         "ColorA": 1.0,
         "ColorB": 0.89999997615814209,
         "ColorG": 0.89999997615814209,
         "ColorR": 0.89999997615814209,
         "ID": 1,
         "Name": "RFootTongue",
         "Param0": 0.080000000000000002,
         "Param1": 0.18840000000000001,
         "Param2": 0.040000000000000001,
         "ParentJoint": 1,
         "Shape": "box",
         "TopScale": 1.0
      }
   ],
   "Skeleton": {
      "Joints": [
         {
            "AttachThetaX": 0.0,
            "AttachThetaY": -0.0,
            "AttachThetaZ": 0.0,
            "AttachX": -0.00020000000000000001,
            "AttachY": -0.32550000000000001,
            "AttachZ": 0.0051000000000000004,
            "DiffWeight": 1.0,
            "ID": 0,
            "IsEndEffector": 0.0,
            "LimHigh0": 1.57,
            "LimHigh1": 1.57,
            "LimHigh2": 1.57,
            "LimLow0": -1.57,
            "LimLow1": -1.57,
            "LimLow2": -1.57,
            "Name": "root",
            "Parent": -1,
            "TorqueLim": 0.0,
            "Type": "bipedal_none"
         },
         {
            "AttachThetaX": 0.0,
            "AttachThetaY": -0.0,
            "AttachThetaZ": 0.0,
            "AttachX": 0.00023157894611358643,
            "AttachY": -0.32666900753974915,
            "AttachZ": -0.026885523926466703,
            "DiffWeight": 1.0,
            "ID": 1,
            "IsEndEffector": 1.0,
            "LimHigh0": 1.57,
            "LimHigh1": 1.57,
            "LimHigh2": 1.57,
            "LimLow0": -1.57,
            "LimLow1": -1.57,
            "LimLow2": -1.57,
            "Name": "RFootTongue",
            "Parent": 0,
            "TorqueLim": 150.0,
            "Type": "revolute"
         }
      ]
   }
}