{
   "BodyDefs" : [
      {
         "AttachThetaX" : null,
         "AttachThetaY" : null,
         "AttachThetaZ" : null,
         "AttachX" : 0.0,
         "AttachY" : 0.0,
         "AttachZ" : 0.0,
         "BottomScale" : 1.0,
         "ColGroup" : 0,
         "ColorA" : 1.0,
         "ColorB" : 0.89999997615814209,
         "ColorG" : 0.89999997615814209,
         "ColorR" : 0.89999997615814209,
         "EnableFallContact" : 0,
         "ID" : 0,
         "Mass" : 0.0,
         "Name" : "root",
         "Param0" : 0.02,
         "Param1" : 0.0,
         "Param2" : 0.02,
         "Shape" : "box",
         "TopScale" : 1.0
      },
      {
         "AttachThetaX" : 0.0,
         "AttachThetaY" : -0.0,
         "AttachThetaZ" : 0.0,
         "AttachX" : 0.0,
         "AttachY" : 0.12499988399999999,
         "AttachZ" : 0.0,
         "BottomScale" : 1.0,
         "ColGroup" : 1,
         "ColorA" : 1.0,
         "ColorB" : 0.89999997615814209,
         "ColorG" : 0.89999997615814209,
         "ColorR" : 0.89999997615814209,
         "EnableFallContact" : 0,
         "ID" : 1,
         "Mass" : 0.10000000000000001,
         "Name" : "joint_0",
         "Param0" : 0.02,
         "Param1" : 0.24999976799999998,
         "Param2" : 0.02,
         "Shape" : "box",
         "TopScale" : 1.0
      },
      {
         "AttachThetaX" : 0.0,
         "AttachThetaY" : -0.0,
         "AttachThetaZ" : 0.0,
         "AttachX" : 0.0,
         "AttachY" : 0.12499988399999999,
         "AttachZ" : 0.0,
         "BottomScale" : 1.0,
         "ColGroup" : 1,
         "ColorA" : 1.0,
         "ColorB" : 0.89999997615814209,
         "ColorG" : 0.89999997615814209,
         "ColorR" : 0.89999997615814209,
         "EnableFallContact" : 0,
         "ID" : 2,
         "Mass" : 0.10000000000000001,
         "Name" : "joint_1",
         "Param0" : 0.02,
         "Param1" : 0.24999976799999998,
         "Param2" : 0.02,
         "Shape" : "box",
         "TopScale" : 1.0
      },
      {
         "AttachThetaX" : 0.0,
         "AttachThetaY" : -0.0,
         "AttachThetaZ" : 0.0,
         "AttachX" : 0.0,
         "AttachY" : 0.12499988399999999,
         "AttachZ" : 0.0,
         "BottomScale" : 1.0,
         "ColGroup" : 1,
         "ColorA" : 1.0,
         "ColorB" : 0.89999997615814209,
         "ColorG" : 0.89999997615814209,
         "ColorR" : 0.89999997615814209,
         "EnableFallContact" : 0,
         "ID" : 3,
         "Mass" : 0.10000000000000001,
         "Name" : "joint_2",
         "Param0" : 0.02,
         "Param1" : 0.24999976799999998,
         "Param2" : 0.02,
         "Shape" : "box",
         "TopScale" : 1.0
      }
   ],
   "DrawShapeDefs" : [
      {
         "AttachThetaX" : 0.0,
         "AttachThetaY" : 0.0,
         "AttachThetaZ" : 0.0,
         "AttachX" : 0.0,
         "AttachY" : 0.0,
         "AttachZ" : 0.0,
         "BottomScale" : 1.0,
         "ColorA" : 1.0,
         "ColorB" : 0.44999998807907104,
         "ColorG" : 0.89999997615814209,
         "ColorR" : 0.44999998807907104,
         "ID" : 0,
         "Name" : "root_joint",
         "Param0" : 0.040000000000000001,
         "Param1" : 0.040000000000000001,
         "Param2" : 0.040000000000000001,
         "ParentJoint" : 0,
         "Shape" : "sphere",
         "TopScale" : 1.0
      },
      {
         "AttachThetaX" : null,
         "AttachThetaY" : null,
         "AttachThetaZ" : null,
         "AttachX" : 0.0,
         "AttachY" : 0.0,
         "AttachZ" : 0.0,
         "BottomScale" : 1.0,
         "ColorA" : 1.0,
         "ColorB" : 0.89999997615814209,
         "ColorG" : 0.89999997615814209,
         "ColorR" : 0.89999997615814209,
         "ID" : 0,
         "Name" : "root",
         "Param0" : 0.02,
         "Param1" : 0.0,
         "Param2" : 0.02,
         "ParentJoint" : 0,
         "Shape" : "box",
         "TopScale" : 1.0
      },
      {
         "AttachThetaX" : 0.0,
         "AttachThetaY" : 0.0,
         "AttachThetaZ" : 0.0,
         "AttachX" : 0.0,
         "AttachY" : 0.0,
         "AttachZ" : 0.0,
         "BottomScale" : 1.0,
         "ColorA" : 1.0,
         "ColorB" : 0.44999998807907104,
         "ColorG" : 0.89999997615814209,
         "ColorR" : 0.44999998807907104,
         "ID" : 1,
         "Name" : "joint_0_joint",
         "Param0" : 0.040000000000000001,
         "Param1" : 0.040000000000000001,
         "Param2" : 0.040000000000000001,
         "ParentJoint" : 1,
         "Shape" : "sphere",
         "TopScale" : 1.0
      },
      {
         "AttachThetaX" : 0.0,
         "AttachThetaY" : -0.0,
         "AttachThetaZ" : 0.0,
         "AttachX" : 0.0,
         "AttachY" : 0.12499988399999999,
         "AttachZ" : 0.0,
         "BottomScale" : 1.0,
         "ColorA" : 1.0,
         "ColorB" : 0.89999997615814209,
         "ColorG" : 0.89999997615814209,
         "ColorR" : 0.89999997615814209,
         "ID" : 1,
         "Name" : "joint_0",
         "Param0" : 0.02,
         "Param1" : 0.24999976799999998,
         "Param2" : 0.02,
         "ParentJoint" : 1,
         "Shape" : "box",
         "TopScale" : 1.0
      },
      {
         "AttachThetaX" : 0.0,
         "AttachThetaY" : 0.0,
         "AttachThetaZ" : 0.0,
         "AttachX" : 0.0,
         "AttachY" : 0.0,
         "AttachZ" : 0.0,
         "BottomScale" : 1.0,
         "ColorA" : 1.0,
         "ColorB" : 0.44999998807907104,
         "ColorG" : 0.89999997615814209,
         "ColorR" : 0.44999998807907104,
         "ID" : 2,
         "Name" : "joint_1_joint",
         "Param0" : 0.040000000000000001,
         "Param1" : 0.040000000000000001,
         "Param2" : 0.040000000000000001,
         "ParentJoint" : 2,
         "Shape" : "sphere",
         "TopScale" : 1.0
      },
      {
         "AttachThetaX" : 0.0,
         "AttachThetaY" : -0.0,
         "AttachThetaZ" : 0.0,
         "AttachX" : 0.0,
         "AttachY" : 0.12499988399999999,
         "AttachZ" : 0.0,
         "BottomScale" : 1.0,
         "ColorA" : 1.0,
         "ColorB" : 0.89999997615814209,
         "ColorG" : 0.89999997615814209,
         "ColorR" : 0.89999997615814209,
         "ID" : 2,
         "Name" : "joint_1",
         "Param0" : 0.02,
         "Param1" : 0.24999976799999998,
         "Param2" : 0.02,
         "ParentJoint" : 2,
         "Shape" : "box",
         "TopScale" : 1.0
      },
      {
         "AttachThetaX" : 0.0,
         "AttachThetaY" : 0.0,
         "AttachThetaZ" : 0.0,
         "AttachX" : 0.0,
         "AttachY" : 0.0,
         "AttachZ" : 0.0,
         "BottomScale" : 1.0,
         "ColorA" : 1.0,
         "ColorB" : 0.44999998807907104,
         "ColorG" : 0.89999997615814209,
         "ColorR" : 0.44999998807907104,
         "ID" : 3,
         "Name" : "joint_2_joint",
         "Param0" : 0.040000000000000001,
         "Param1" : 0.040000000000000001,
         "Param2" : 0.040000000000000001,
         "ParentJoint" : 3,
         "Shape" : "sphere",
         "TopScale" : 1.0
      },
      {
         "AttachThetaX" : 0.0,
         "AttachThetaY" : -0.0,
         "AttachThetaZ" : 0.0,
         "AttachX" : 0.0,
         "AttachY" : 0.12499988399999999,
         "AttachZ" : 0.0,
         "BottomScale" : 1.0,
         "ColorA" : 1.0,
         "ColorB" : 0.89999997615814209,
         "ColorG" : 0.89999997615814209,
         "ColorR" : 0.89999997615814209,
         "ID" : 3,
         "Name" : "joint_2",
         "Param0" : 0.02,
         "Param1" : 0.24999976799999998,
         "Param2" : 0.02,
         "ParentJoint" : 3,
         "Shape" : "box",
         "TopScale" : 1.0
      }
   ],
   "Skeleton" : {
      "Joints" : [
         {
            "AttachThetaX" : 0.0,
            "AttachThetaY" : 0.0,
            "AttachThetaZ" : 0.0,
            "AttachX" : 0.0,
            "AttachY" : 0.0,
            "AttachZ" : 0.0,
            "DiffWeight" : 0.0,
            "ID" : 0,
            "IsEndEffector" : 0.0,
            "LimHigh0" : 0.0,
            "LimHigh1" : 0.0,